{
  "lr": 0.0003277980936386858,
  "smooth_weight": 0.051828481673153126,
  "known_weight": 0.00221798984766985,
  "weight_decay": 6.337711639952188e-06
}