{
  "continuous_mean": {
    "dem": 194.16526794433594,
    "hand": 7.380107402801514,
    "ndvi": 0.54332435131073,
    "rtp_local": 0.00941326655447483,
    "rtp_regional": 0.05932578444480896,
    "slope": 1.1315571069717407,
    "soil": 0.4614509344100952,
    "twi": 9.237786293029785,
    "yield": 10.401867866516113
  },
  "continuous_std": {
    "dem": 79.36864471435547,
    "hand": 12.740254402160645,
    "ndvi": 0.16963496804237366,
    "rtp_local": 0.1297745257616043,
    "rtp_regional": 0.3292101323604584,
    "slope": 1.169045090675354,
    "soil": 0.059978093951940536,
    "twi": 1.2673823833465576,
    "yield": 2.290862560272217
  },
  "categorical_classes": {
    "geomorphons": [
      1,
      2,
      3,
      4,
      5,
      6,
      7,
      8,
      9,
      10
    ],
    "relief_class": [
      1,
      2,
      3,
      4,
      5,
      6,
      7,
      8
    ],
    "aspect_categ": [
      0,
      1,
      2,
      3,
      4,
      5,
      6,
      7
    ]
  }
}